INSERT INTO users (email, password, first_name, last_name, created_at, birth_date, avatar, gender) VALUES
('admin@avenircorp.com', 'P@ssw0rd1', 'John', 'Doe', current_timestamp, '1985-07-15', NULL, 'MALE'),
('admin@zenithcorp.com', 'P@ssw0rd2', 'Jane', 'Smith', current_timestamp, '1990-11-22', NULL, 'FEMALE'),
('admin@orioncorp.com', 'P@ssw0rd3', 'Michael', 'Brown', current_timestamp, '1987-03-03', NULL, 'MALE'),
('admin@solaracorp.com', 'P@ssw0rd4', 'Sarah', 'Johnson', current_timestamp, '1992-06-14', NULL, 'FEMALE'),
('admin@borealiscorp.com', 'P@ssw0rd5', 'Chris', 'Wilson', current_timestamp, '1989-01-25', NULL, 'MALE'),
('admin@mercurycorp.com', 'P@ssw0rd6', 'Emily', 'Davis', current_timestamp, '1995-09-30', NULL, 'FEMALE'),
('admin@atlascorp.com', 'P@ssw0rd7', 'David', 'Miller', current_timestamp, '1983-12-19', NULL, 'MALE'),
('admin@vegacorp.com', 'P@ssw0rd8', 'Laura', 'Moore', current_timestamp, '1991-05-07', NULL, 'FEMALE'),
('admin@epsiloncorp.com', 'P@ssw0rd9', 'James', 'Taylor', current_timestamp, '1994-08-17', NULL, 'MALE'),
('admin@lumencorp.com', 'P@ssw0rd10', 'Amy', 'Anderson', current_timestamp, '1988-02-28', NULL, 'FEMALE'),
('admin@stellarcorp.com', 'P@ssw0rd11', 'Emma', 'Walker', current_timestamp, '1986-08-10', NULL, 'FEMALE'),
('admin@lynxcorp.com', 'P@ssw0rd12', 'Oliver', 'Scott', current_timestamp, '1991-09-23', NULL, 'MALE'),
('admin@phoenixcorp.com', 'P@ssw0rd13', 'Ava', 'Parker', current_timestamp, '1985-11-29', NULL, 'FEMALE'),
('admin@hyperioncorp.com', 'P@ssw0rd14', 'Liam', 'Evans', current_timestamp, '1988-04-18', NULL, 'MALE'),
('admin@prometheusscorp.com', 'P@ssw0rd15', 'Sophia', 'White', current_timestamp, '1989-02-14', NULL, 'FEMALE'),
('admin@novacorp.com', 'P@ssw0rd16', 'Noah', 'Harris', current_timestamp, '1993-06-22', NULL, 'MALE'),
('admin@auroracorp.com', 'P@ssw0rd17', 'Isabella', 'Martin', current_timestamp, '1992-03-19', NULL, 'FEMALE'),
('admin@nebulacorp.com', 'P@ssw0rd18', 'Lucas', 'Clark', current_timestamp, '1990-05-12', NULL, 'MALE'),
('admin@eclipsecorp.com', 'P@ssw0rd19', 'Mia', 'Lewis', current_timestamp, '1995-01-30', NULL, 'FEMALE'),
('admin@quasarcorp.com', 'P@ssw0rd20', 'William', 'Lee', current_timestamp, '1987-07-25', NULL, 'MALE'),
('admin@cosmoscorp.com', 'P@ssw0rd21', 'James', 'Jones', current_timestamp, '1994-09-18', NULL, 'MALE'),
('admin@andromedacorp.com', 'P@ssw0rd22', 'Emily', 'Brown', current_timestamp, '1986-11-13', NULL, 'FEMALE'),
('admin@orioniscorp.com', 'P@ssw0rd23', 'Benjamin', 'Wilson', current_timestamp, '1990-03-05', NULL, 'MALE'),
('admin@polariscorp.com', 'P@ssw0rd24', 'Charlotte', 'Moore', current_timestamp, '1991-06-26', NULL, 'FEMALE'),
('admin@siriuscorp.com', 'P@ssw0rd25', 'Elijah', 'Taylor', current_timestamp, '1988-07-15', NULL, 'MALE'),
('admin@helioscorp.com', 'P@ssw0rd26', 'Amelia', 'Anderson', current_timestamp, '1985-12-09', NULL, 'FEMALE'),
('admin@perseuscorp.com', 'P@ssw0rd27', 'Michael', 'Thomas', current_timestamp, '1992-04-08', NULL, 'MALE'),
('admin@galileocorp.com', 'P@ssw0rd28', 'Harper', 'Jackson', current_timestamp, '1989-10-27', NULL, 'FEMALE'),
('admin@voyagercorp.com', 'P@ssw0rd29', 'Alexander', 'Martin', current_timestamp, '1993-05-17', NULL, 'MALE'),
('admin@magellancorp.com', 'P@ssw0rd30', 'Evelyn', 'Thompson', current_timestamp, '1996-07-11', NULL, 'FEMALE'),
('admin@keplercorp.com', 'P@ssw0rd31', 'Daniel', 'Garcia', current_timestamp, '1987-01-04', NULL, 'MALE'),
('admin@geminicorp.com', 'P@ssw0rd32', 'Avery', 'Martinez', current_timestamp, '1990-12-22', NULL, 'FEMALE'),
('admin@vulcancorp.com', 'P@ssw0rd33', 'Henry', 'Robinson', current_timestamp, '1989-08-20', NULL, 'MALE'),
('admin@celestialcorp.com', 'P@ssw0rd34', 'Abigail', 'Clark', current_timestamp, '1991-02-09', NULL, 'FEMALE'),
('admin@apollocorp.com', 'P@ssw0rd35', 'Sebastian', 'Rodriguez', current_timestamp, '1986-09-05', NULL, 'MALE'),
('admin@centauricorp.com', 'P@ssw0rd36', 'Ella', 'Lewis', current_timestamp, '1993-11-03', NULL, 'FEMALE'),
('admin@titancorp.com', 'P@ssw0rd37', 'David', 'Lee', current_timestamp, '1995-05-21', NULL, 'MALE'),
('admin@exoduscorp.com', 'P@ssw0rd38', 'Scarlett', 'Walker', current_timestamp, '1992-06-14', NULL, 'FEMALE'),
('admin@cometcorp.com', 'P@ssw0rd39', 'Joseph', 'Hall', current_timestamp, '1987-03-19', NULL, 'MALE'),
('admin@astracorp.com', 'P@ssw0rd40', 'Grace', 'Allen', current_timestamp, '1991-07-29', NULL, 'FEMALE'),
('admin@novaprimecorp.com', 'P@ssw0rd41', 'Matthew', 'Young', current_timestamp, '1989-01-12', NULL, 'MALE'),
('admin@equinoxcorp.com', 'P@ssw0rd42', 'Zoey', 'Hernandez', current_timestamp, '1995-11-09', NULL, 'FEMALE'),
('admin@lunarcorp.com', 'P@ssw0rd43', 'Jackson', 'King', current_timestamp, '1988-10-31', NULL, 'MALE'),
('admin@solariscorp.com', 'P@ssw0rd44', 'Victoria', 'Scott', current_timestamp, '1994-04-25', NULL, 'FEMALE'),
('admin@aethercorp.com', 'P@ssw0rd45', 'Mason', 'Green', current_timestamp, '1992-02-14', NULL, 'MALE'),
('admin@nebuluscorp.com', 'P@ssw0rd46', 'Aubrey', 'Adams', current_timestamp, '1986-09-07', NULL, 'FEMALE'),
('admin@auroraprimecorp.com', 'P@ssw0rd47', 'Logan', 'Baker', current_timestamp, '1989-05-30', NULL, 'MALE'),
('admin@stardustcorp.com', 'P@ssw0rd48', 'Aria', 'Gonzalez', current_timestamp, '1993-08-17', NULL, 'FEMALE'),
('admin@quantumcorp.com', 'P@ssw0rd49', 'Luke', 'Nelson', current_timestamp, '1996-12-03', NULL, 'MALE'),
('admin@streamberry.com', 'P@ssw0rd50', 'Nolla', 'Pakonen', current_timestamp, '1991-07-25', NULL, 'FEMALE');


INSERT INTO organization_members (organization_id, user_id, role) VALUES
(1, 1, 'ADMIN'),
(2, 2, 'ADMIN'),
(3, 3, 'ADMIN'),
(4, 4, 'ADMIN'),
(5, 5, 'ADMIN'),
(6, 6, 'ADMIN'),
(7, 7, 'ADMIN'),
(8, 8, 'ADMIN'),
(9, 9, 'ADMIN'),
(10, 10, 'ADMIN'),
(11, 11, 'ADMIN'),
(12, 12, 'ADMIN'),
(13, 13, 'ADMIN'),
(14, 14, 'ADMIN'),
(15, 15, 'ADMIN'),
(16, 16, 'ADMIN'),
(17, 17, 'ADMIN'),
(18, 18, 'ADMIN'),
(19, 19, 'ADMIN'),
(20, 20, 'ADMIN'),
(21, 21, 'ADMIN'),
(22, 22, 'ADMIN'),
(23, 23, 'ADMIN'),
(24, 24, 'ADMIN'),
(25, 25, 'ADMIN'),
(26, 26, 'ADMIN'),
(27, 27, 'ADMIN'),
(28, 28, 'ADMIN'),
(29, 29, 'ADMIN'),
(30, 30, 'ADMIN'),
(31, 31, 'ADMIN'),
(32, 32, 'ADMIN'),
(33, 33, 'ADMIN'),
(34, 34, 'ADMIN'),
(35, 35, 'ADMIN'),
(36, 36, 'ADMIN'),
(37, 37, 'ADMIN'),
(38, 38, 'ADMIN'),
(39, 39, 'ADMIN'),
(40, 40, 'ADMIN'),
(41, 41, 'ADMIN'),
(42, 42, 'ADMIN'),
(43, 43, 'ADMIN'),
(44, 44, 'ADMIN'),
(45, 45, 'ADMIN'),
(46, 46, 'ADMIN'),
(47, 47, 'ADMIN'),
(48, 48, 'ADMIN'),
(49, 49, 'ADMIN'),
(50, 50, 'ADMIN');

INSERT INTO org_tags (organization_id, tag_id) VALUES
(1, 3),(1, 5),(1, 12),
(2, 6),(2, 8),(2, 11),(2, 15),
(3, 2),(3, 7),(3, 20),
(4, 4),(4, 9),(4, 13),(4, 18),
(5, 1),(5, 14),
(6, 17),(6, 3),(6, 8),(6, 10),
(7, 19),(7, 21),(7, 6),(7, 9),
(8, 25),(8, 12),
(9, 11),(9, 7),(9, 3),
(10, 22),(10, 5),(10, 2),(10, 14),
(11, 2), (11, 14), (11, 28),
(12, 12), (12, 25),
(13, 7), (13, 15), (13, 36), (13, 43),
(14, 4), (14, 23), (14, 50),
(15, 1), (15, 11),
(16, 9), (16, 37), (16, 44), (16, 58),
(17, 14), (17, 34),
(18, 5), (18, 21), (18, 60), (18, 72),
(19, 3), (19, 8), (19, 18),
(20, 2), (20, 14), (20, 45), (20, 54),
(21, 6), (21, 9), (21, 29),
(22, 12), (22, 20),
(23, 16), (23, 33),
(24, 22), (24, 40),
(25, 10), (25, 27), (25, 53),
(26, 19), (26, 34), (26, 64),
(27, 3), (27, 48), (27, 63),
(28, 6), (28, 15), (28, 31),
(29, 8), (29, 32), (29, 57),
(30, 5), (30, 22),
(31, 9), (31, 44), (31, 60),
(32, 7), (32, 41), (32, 68),
(33, 11), (33, 17), (33, 37),
(34, 16), (34, 47), (34, 69),
(35, 4), (35, 13), (35, 54),
(36, 19), (36, 25),
(37, 5), (37, 20), (37, 51),
(38, 7), (38, 24), (38, 64),
(39, 14), (39, 35), (39, 49),
(40, 9), (40, 30), (40, 59),
(41, 1), (41, 18), (41, 66),
(42, 10), (42, 16), (42, 36),
(43, 13), (43, 40), (43, 61),
(44, 2), (44, 23), (44, 48),
(45, 17), (45, 25), (45, 52),
(46, 6), (46, 27), (46, 60),
(47, 9), (47, 33), (47, 53),
(48, 5), (48, 19), (48, 71),
(49, 3), (49, 15), (49, 50),
(50, 11), (50, 42), (50, 72);

